SMITH,SMITH
JOHNSON,JOHNSON
WILLIAMS,WILLIAMS
JONES,JONES
BROWN,BROWN
DAVIS,DAVIS
MILLER,MILLER
WILSON,WILSON
MOORE,MOORE
TAYLOR,TAYLOR
ANDERSON,ANDERSON
THOMAS,THOMAS
JACKSON,JACKSON
WHITE,WHITE
HARRIS,HARRIS
MARTIN,MARTIN
THOMPSON,THOMPSON
GARCIA,GARCIA
MARTINEZ,MARTINEZ
ROBINSON,ROBINSON
CLARK,CLARK
RODRIGUEZ,RODRIGUEZ
LEWIS,LEWIS
LEE,LEE
WALKER,WALKER
HALL,HALL
ALLEN,ALLEN
YOUNG,YOUNG
HERNANDEZ,HERNANDEZ
KING,KING
WRIGHT,WRIGHT
LOPEZ,LOPEZ
HILL,HILL
SCOTT,SCOTT
GREEN,GREEN
ADAMS,ADAMS
BAKER,BAKER
GONZALEZ,GONZALEZ
NELSON,NELSON
CARTER,CARTER
MITCHELL,MITCHELL
PEREZ,PEREZ
ROBERTS,ROBERTS
TURNER,TURNER
PHILLIPS,PHILLIPS
CAMPBELL,CAMPBELL
PARKER,PARKER
EVANS,EVANS
EDWARDS,EDWARDS
COLLINS,COLLINS
STEWART,STEWART
SANCHEZ,SANCHEZ
MORRIS,MORRIS
ROGERS,ROGERS
REED,REED
COOK,COOK
MORGAN,MORGAN
BELL,BELL
MURPHY,MURPHY
BAILEY,BAILEY
RIVERA,RIVERA
COOPER,COOPER
RICHARDSON,RICHARDSON
COX,COX
HOWARD,HOWARD
WARD,WARD
TORRES,TORRES
PETERSON,PETERSON
GRAY,GRAY
RAMIREZ,RAMIREZ
JAMES,JAMES
WATSON,WATSON
BROOKS,BROOKS
KELLY,KELLY
SANDERS,SANDERS
PRICE,PRICE
BENNETT,BENNETT
WOOD,WOOD
BARNES,BARNES
ROSS,ROSS
HENDERSON,HENDERSON
COLEMAN,COLEMAN
JENKINS,JENKINS
PERRY,PERRY
POWELL,POWELL
LONG,LONG
PATTERSON,PATTERSON
HUGHES,HUGHES
FLORES,FLORES
WASHINGTON,WASHINGTON
BUTLER,BUTLER
SIMMONS,SIMMONS
FOSTER,FOSTER
GONZALES,GONZALES
BRYANT,BRYANT
ALEXANDER,ALEXANDER
RUSSELL,RUSSELL
GRIFFIN,GRIFFIN
DIAZ,DIAZ
HAYES,HAYES
MYERS,MYERS
FORD,FORD
HAMILTON,HAMILTON
GRAHAM,GRAHAM
SULLIVAN,SULLIVAN
WALLACE,WALLACE
WOODS,WOODS
COLE,COLE
WEST,WEST
JORDAN,JORDAN
OWENS,OWENS
REYNOLDS,REYNOLDS
FISHER,FISHER
ELLIS,ELLIS
HARRISON,HARRISON
GIBSON,GIBSON
MCDONALD,MCDONALD
CRUZ,CRUZ
MARSHALL,MARSHALL
ORTIZ,ORTIZ
GOMEZ,GOMEZ
MURRAY,MURRAY
FREEMAN,FREEMAN
WELLS,WELLS
WEBB,WEBB
SIMPSON,SIMPSON
STEVENS,STEVENS
TUCKER,TUCKER
PORTER,PORTER
HUNTER,HUNTER
HICKS,HICKS
CRAWFORD,CRAWFORD
HENRY,HENRY
BOYD,BOYD
MASON,MASON
MORALES,MORALES
KENNEDY,KENNEDY
WARREN,WARREN
DIXON,DIXON
RAMOS,RAMOS
REYES,REYES
BURNS,BURNS
GORDON,GORDON
SHAW,SHAW
HOLMES,HOLMES
RICE,RICE
ROBERTSON,ROBERTSON
HUNT,HUNT
BLACK,BLACK
DANIELS,DANIELS
PALMER,PALMER
MILLS,MILLS
NICHOLS,NICHOLS
GRANT,GRANT
KNIGHT,KNIGHT
FERGUSON,FERGUSON
ROSE,ROSE
STONE,STONE
HAWKINS,HAWKINS
DUNN,DUNN
PERKINS,PERKINS
HUDSON,HUDSON
SPENCER,SPENCER
GARDNER,GARDNER
STEPHENS,STEPHENS
PAYNE,PAYNE
PIERCE,PIERCE
BERRY,BERRY
MATTHEWS,MATTHEWS
ARNOLD,ARNOLD
WAGNER,WAGNER
WILLIS,WILLIS
RAY,RAY
WATKINS,WATKINS
OLSON,OLSON
CARROLL,CARROLL
DUNCAN,DUNCAN
SNYDER,SNYDER
HART,HART
CUNNINGHAM,CUNNINGHAM
BRADLEY,BRADLEY
LANE,LANE
ANDREWS,ANDREWS
RUIZ,RUIZ
HARPER,HARPER
FOX,FOX
RILEY,RILEY
ARMSTRONG,ARMSTRONG
CARPENTER,CARPENTER
WEAVER,WEAVER
GREENE,GREENE
LAWRENCE,LAWRENCE
ELLIOTT,ELLIOTT
CHAVEZ,CHAVEZ
SIMS,SIMS
AUSTIN,AUSTIN
PETERS,PETERS
KELLEY,KELLEY
FRANKLIN,FRANKLIN
LAWSON,LAWSON
FIELDS,FIELDS
GUTIERREZ,GUTIERREZ
RYAN,RYAN
SCHMIDT,SCHMIDT
CARR,CARR
VASQUEZ,VASQUEZ
CASTILLO,CASTILLO
WHEELER,WHEELER
CHAPMAN,CHAPMAN
OLIVER,OLIVER
MONTGOMERY,MONTGOMERY
RICHARDS,RICHARDS
WILLIAMSON,WILLIAMSON
JOHNSTON,JOHNSTON
BANKS,BANKS
MEYER,MEYER
BISHOP,BISHOP
MCCOY,MCCOY
HOWELL,HOWELL
ALVAREZ,ALVAREZ
MORRISON,MORRISON
HANSEN,HANSEN
FERNANDEZ,FERNANDEZ
GARZA,GARZA
HARVEY,HARVEY
LITTLE,LITTLE
BURTON,BURTON
STANLEY,STANLEY
NGUYEN,NGUYEN
GEORGE,GEORGE
JACOBS,JACOBS
REID,REID
KIM,KIM
FULLER,FULLER
LYNCH,LYNCH
DEAN,DEAN
GILBERT,GILBERT
GARRETT,GARRETT
ROMERO,ROMERO
WELCH,WELCH
LARSON,LARSON
FRAZIER,FRAZIER
BURKE,BURKE
HANSON,HANSON
DAY,DAY
MENDOZA,MENDOZA
MORENO,MORENO
BOWMAN,BOWMAN
MEDINA,MEDINA
FOWLER,FOWLER
BREWER,BREWER
HOFFMAN,HOFFMAN
CARLSON,CARLSON
SILVA,SILVA
PEARSON,PEARSON
HOLLAND,HOLLAND
DOUGLAS,DOUGLAS
FLEMING,FLEMING
JENSEN,JENSEN
VARGAS,VARGAS
BYRD,BYRD
DAVIDSON,DAVIDSON
HOPKINS,HOPKINS
MAY,MAY
TERRY,TERRY
HERRERA,HERRERA
WADE,WADE
SOTO,SOTO
WALTERS,WALTERS
CURTIS,CURTIS
NEAL,NEAL
CALDWELL,CALDWELL
LOWE,LOWE
JENNINGS,JENNINGS
BARNETT,BARNETT
GRAVES,GRAVES
JIMENEZ,JIMENEZ
HORTON,HORTON
SHELTON,SHELTON
BARRETT,BARRETT
OBRIEN,OBRIEN
CASTRO,CASTRO
SUTTON,SUTTON
GREGORY,GREGORY
MCKINNEY,MCKINNEY
LUCAS,LUCAS
MILES,MILES
CRAIG,CRAIG
RODRIQUEZ,RODRIQUEZ
CHAMBERS,CHAMBERS
HOLT,HOLT
LAMBERT,LAMBERT
FLETCHER,FLETCHER
WATTS,WATTS
BATES,BATES
HALE,HALE
RHODES,RHODES
PENA,PENA
BECK,BECK
NEWMAN,NEWMAN
HAYNES,HAYNES
MCDANIEL,MCDANIEL
MENDEZ,MENDEZ
BUSH,BUSH
VAUGHN,VAUGHN
PARKS,PARKS
DAWSON,DAWSON
SANTIAGO,SANTIAGO
NORRIS,NORRIS
HARDY,HARDY
LOVE,LOVE
STEELE,STEELE
CURRY,CURRY
POWERS,POWERS
SCHULTZ,SCHULTZ
BARKER,BARKER
GUZMAN,GUZMAN
PAGE,PAGE
MUNOZ,MUNOZ
BALL,BALL
KELLER,KELLER
CHANDLER,CHANDLER
WEBER,WEBER
LEONARD,LEONARD
WALSH,WALSH
LYONS,LYONS
RAMSEY,RAMSEY
WOLFE,WOLFE
SCHNEIDER,SCHNEIDER
MULLINS,MULLINS
BENSON,BENSON
SHARP,SHARP
BOWEN,BOWEN
DANIEL,DANIEL
BARBER,BARBER
CUMMINGS,CUMMINGS
HINES,HINES
BALDWIN,BALDWIN
GRIFFITH,GRIFFITH
VALDEZ,VALDEZ
HUBBARD,HUBBARD
SALAZAR,SALAZAR
REEVES,REEVES
WARNER,WARNER
STEVENSON,STEVENSON
BURGESS,BURGESS
SANTOS,SANTOS
TATE,TATE
CROSS,CROSS
GARNER,GARNER
MANN,MANN
MACK,MACK
MOSS,MOSS
THORNTON,THORNTON
DENNIS,DENNIS
MCGEE,MCGEE
FARMER,FARMER
DELGADO,DELGADO
AGUILAR,AGUILAR
VEGA,VEGA
GLOVER,GLOVER
MANNING,MANNING
COHEN,COHEN
HARMON,HARMON
RODGERS,RODGERS
ROBBINS,ROBBINS
NEWTON,NEWTON
TODD,TODD
BLAIR,BLAIR
HIGGINS,HIGGINS
INGRAM,INGRAM
REESE,REESE
CANNON,CANNON
STRICKLAND,STRICKLAND
TOWNSEND,TOWNSEND
POTTER,POTTER
GOODWIN,GOODWIN
WALTON,WALTON
ROWE,ROWE
HAMPTON,HAMPTON
ORTEGA,ORTEGA
PATTON,PATTON
SWANSON,SWANSON
JOSEPH,JOSEPH
FRANCIS,FRANCIS
GOODMAN,GOODMAN
MALDONADO,MALDONADO
YATES,YATES
BECKER,BECKER
ERICKSON,ERICKSON
HODGES,HODGES
RIOS,RIOS
CONNER,CONNER
ADKINS,ADKINS
WEBSTER,WEBSTER
NORMAN,NORMAN
MALONE,MALONE
HAMMOND,HAMMOND
FLOWERS,FLOWERS
COBB,COBB
MOODY,MOODY
QUINN,QUINN
BLAKE,BLAKE
MAXWELL,MAXWELL
POPE,POPE
FLOYD,FLOYD
OSBORNE,OSBORNE
PAUL,PAUL
MCCARTHY,MCCARTHY
GUERRERO,GUERRERO
LINDSEY,LINDSEY
ESTRADA,ESTRADA
SANDOVAL,SANDOVAL
GIBBS,GIBBS
TYLER,TYLER
GROSS,GROSS
FITZGERALD,FITZGERALD
STOKES,STOKES
DOYLE,DOYLE
SHERMAN,SHERMAN
SAUNDERS,SAUNDERS
WISE,WISE
COLON,COLON
GILL,GILL
ALVARADO,ALVARADO
GREER,GREER
PADILLA,PADILLA
SIMON,SIMON
WATERS,WATERS
NUNEZ,NUNEZ
BALLARD,BALLARD
SCHWARTZ,SCHWARTZ
MCBRIDE,MCBRIDE
HOUSTON,HOUSTON
CHRISTENSEN,CHRISTENSEN
KLEIN,KLEIN
PRATT,PRATT
BRIGGS,BRIGGS
PARSONS,PARSONS
MCLAUGHLIN,MCLAUGHLIN
ZIMMERMAN,ZIMMERMAN
FRENCH,FRENCH
BUCHANAN,BUCHANAN
MORAN,MORAN
COPELAND,COPELAND
ROY,ROY
PITTMAN,PITTMAN
BRADY,BRADY
MCCORMICK,MCCORMICK
HOLLOWAY,HOLLOWAY
BROCK,BROCK
POOLE,POOLE
FRANK,FRANK
LOGAN,LOGAN
OWEN,OWEN
BASS,BASS
MARSH,MARSH
DRAKE,DRAKE
WONG,WONG
JEFFERSON,JEFFERSON
PARK,PARK
MORTON,MORTON
ABBOTT,ABBOTT
SPARKS,SPARKS
PATRICK,PATRICK
NORTON,NORTON
HUFF,HUFF
CLAYTON,CLAYTON
MASSEY,MASSEY
LLOYD,LLOYD
FIGUEROA,FIGUEROA
CARSON,CARSON
BOWERS,BOWERS
ROBERSON,ROBERSON
BARTON,BARTON
TRAN,TRAN
LAMB,LAMB
HARRINGTON,HARRINGTON
CASEY,CASEY
BOONE,BOONE
CORTEZ,CORTEZ
CLARKE,CLARKE
MATHIS,MATHIS
SINGLETON,SINGLETON
WILKINS,WILKINS
CAIN,CAIN
BRYAN,BRYAN
UNDERWOOD,UNDERWOOD
HOGAN,HOGAN
MCKENZIE,MCKENZIE
COLLIER,COLLIER
LUNA,LUNA
PHELPS,PHELPS
MCGUIRE,MCGUIRE
ALLISON,ALLISON
BRIDGES,BRIDGES
WILKERSON,WILKERSON
NASH,NASH
SUMMERS,SUMMERS
ATKINS,ATKINS
WILCOX,WILCOX
PITTS,PITTS
CONLEY,CONLEY
MARQUEZ,MARQUEZ
BURNETT,BURNETT
RICHARD,RICHARD
COCHRAN,COCHRAN
CHASE,CHASE
DAVENPORT,DAVENPORT
HOOD,HOOD
GATES,GATES
CLAY,CLAY
AYALA,AYALA
SAWYER,SAWYER
ROMAN,ROMAN
VAZQUEZ,VAZQUEZ
DICKERSON,DICKERSON
HODGE,HODGE
ACOSTA,ACOSTA
FLYNN,FLYNN
ESPINOZA,ESPINOZA
NICHOLSON,NICHOLSON
MONROE,MONROE
WOLF,WOLF
MORROW,MORROW
KIRK,KIRK
RANDALL,RANDALL
ANTHONY,ANTHONY
WHITAKER,WHITAKER
OCONNOR,OCONNOR
SKINNER,SKINNER
WARE,WARE
MOLINA,MOLINA
KIRBY,KIRBY
HUFFMAN,HUFFMAN
BRADFORD,BRADFORD
CHARLES,CHARLES
GILMORE,GILMORE
DOMINGUEZ,DOMINGUEZ
ONEAL,ONEAL
BRUCE,BRUCE
LANG,LANG
COMBS,COMBS
KRAMER,KRAMER
HEATH,HEATH
HANCOCK,HANCOCK
GALLAGHER,GALLAGHER
GAINES,GAINES
SHAFFER,SHAFFER
SHORT,SHORT
WIGGINS,WIGGINS
MATHEWS,MATHEWS
MCCLAIN,MCCLAIN
FISCHER,FISCHER
WALL,WALL
SMALL,SMALL
MELTON,MELTON
HENSLEY,HENSLEY
BOND,BOND
DYER,DYER
CAMERON,CAMERON
GRIMES,GRIMES
CONTRERAS,CONTRERAS
CHRISTIAN,CHRISTIAN
WYATT,WYATT
BAXTER,BAXTER
SNOW,SNOW
MOSLEY,MOSLEY
SHEPHERD,SHEPHERD
LARSEN,LARSEN
HOOVER,HOOVER
BEASLEY,BEASLEY
GLENN,GLENN
PETERSEN,PETERSEN
WHITEHEAD,WHITEHEAD
MEYERS,MEYERS
KEITH,KEITH
GARRISON,GARRISON
VINCENT,VINCENT
SHIELDS,SHIELDS
HORN,HORN
SAVAGE,SAVAGE
OLSEN,OLSEN
SCHROEDER,SCHROEDER
HARTMAN,HARTMAN
WOODARD,WOODARD
MUELLER,MUELLER
KEMP,KEMP
DELEON,DELEON
BOOTH,BOOTH
PATEL,PATEL
CALHOUN,CALHOUN
WILEY,WILEY
EATON,EATON
CLINE,CLINE
NAVARRO,NAVARRO
HARRELL,HARRELL
LESTER,LESTER
HUMPHREY,HUMPHREY
PARRISH,PARRISH
DURAN,DURAN
HUTCHINSON,HUTCHINSON
HESS,HESS
DORSEY,DORSEY
BULLOCK,BULLOCK
ROBLES,ROBLES
BEARD,BEARD
DALTON,DALTON
AVILA,AVILA
VANCE,VANCE
RICH,RICH
BLACKWELL,BLACKWELL
YORK,YORK
JOHNS,JOHNS
BLANKENSHIP,BLANKENSHIP
TREVINO,TREVINO
SALINAS,SALINAS
CAMPOS,CAMPOS
PRUITT,PRUITT
MOSES,MOSES
CALLAHAN,CALLAHAN
GOLDEN,GOLDEN
MONTOYA,MONTOYA
HARDIN,HARDIN
GUERRA,GUERRA
MCDOWELL,MCDOWELL
CAREY,CAREY
STAFFORD,STAFFORD
GALLEGOS,GALLEGOS
HENSON,HENSON
WILKINSON,WILKINSON
BOOKER,BOOKER
MERRITT,MERRITT
MIRANDA,MIRANDA
ATKINSON,ATKINSON
ORR,ORR
DECKER,DECKER
HOBBS,HOBBS
PRESTON,PRESTON
TANNER,TANNER
KNOX,KNOX
PACHECO,PACHECO
STEPHENSON,STEPHENSON
GLASS,GLASS
ROJAS,ROJAS
SERRANO,SERRANO
MARKS,MARKS
HICKMAN,HICKMAN
ENGLISH,ENGLISH
SWEENEY,SWEENEY
STRONG,STRONG
PRINCE,PRINCE
MCCLURE,MCCLURE
CONWAY,CONWAY
WALTER,WALTER
ROTH,ROTH
MAYNARD,MAYNARD
FARRELL,FARRELL
LOWERY,LOWERY
HURST,HURST
NIXON,NIXON
WEISS,WEISS
TRUJILLO,TRUJILLO
ELLISON,ELLISON
SLOAN,SLOAN
JUAREZ,JUAREZ
WINTERS,WINTERS
MCLEAN,MCLEAN
RANDOLPH,RANDOLPH
LEON,LEON
BOYER,BOYER
VILLARREAL,VILLARREAL
MCCALL,MCCALL
GENTRY,GENTRY
CARRILLO,CARRILLO
KENT,KENT
AYERS,AYERS
LARA,LARA
SHANNON,SHANNON
SEXTON,SEXTON
PACE,PACE
HULL,HULL
LEBLANC,LEBLANC
BROWNING,BROWNING
VELASQUEZ,VELASQUEZ
LEACH,LEACH
CHANG,CHANG
HOUSE,HOUSE
SELLERS,SELLERS
HERRING,HERRING
NOBLE,NOBLE
FOLEY,FOLEY
BARTLETT,BARTLETT
MERCADO,MERCADO
LANDRY,LANDRY
DURHAM,DURHAM
WALLS,WALLS
BARR,BARR
MCKEE,MCKEE
BAUER,BAUER
RIVERS,RIVERS
EVERETT,EVERETT
BRADSHAW,BRADSHAW
PUGH,PUGH
VELEZ,VELEZ
RUSH,RUSH
ESTES,ESTES
DODSON,DODSON
MORSE,MORSE
SHEPPARD,SHEPPARD
WEEKS,WEEKS
CAMACHO,CAMACHO
BEAN,BEAN
BARRON,BARRON
LIVINGSTON,LIVINGSTON
MIDDLETON,MIDDLETON
SPEARS,SPEARS
BRANCH,BRANCH
BLEVINS,BLEVINS
CHEN,CHEN
KERR,KERR
MCCONNELL,MCCONNELL
HATFIELD,HATFIELD
HARDING,HARDING
ASHLEY,ASHLEY
SOLIS,SOLIS
HERMAN,HERMAN
FROST,FROST
GILES,GILES
BLACKBURN,BLACKBURN
WILLIAM,WILLIAM
PENNINGTON,PENNINGTON
WOODWARD,WOODWARD
FINLEY,FINLEY
MCINTOSH,MCINTOSH
KOCH,KOCH
BEST,BEST
SOLOMON,SOLOMON
MCCULLOUGH,MCCULLOUGH
DUDLEY,DUDLEY
NOLAN,NOLAN
BLANCHARD,BLANCHARD
RIVAS,RIVAS
BRENNAN,BRENNAN
MEJIA,MEJIA
KANE,KANE
BENTON,BENTON
JOYCE,JOYCE
BUCKLEY,BUCKLEY
HALEY,HALEY
VALENTINE,VALENTINE
MADDOX,MADDOX
RUSSO,RUSSO
MCKNIGHT,MCKNIGHT
BUCK,BUCK
MOON,MOON
MCMILLAN,MCMILLAN
CROSBY,CROSBY
BERG,BERG
DOTSON,DOTSON
MAYS,MAYS
ROACH,ROACH
CHURCH,CHURCH
CHAN,CHAN
RICHMOND,RICHMOND
MEADOWS,MEADOWS
FAULKNER,FAULKNER
ONEILL,ONEILL
KNAPP,KNAPP
KLINE,KLINE
BARRY,BARRY
OCHOA,OCHOA
JACOBSON,JACOBSON
GAY,GAY
AVERY,AVERY
HENDRICKS,HENDRICKS
HORNE,HORNE
SHEPARD,SHEPARD
HEBERT,HEBERT
CHERRY,CHERRY
CARDENAS,CARDENAS
MCINTYRE,MCINTYRE
WHITNEY,WHITNEY
WALLER,WALLER
HOLMAN,HOLMAN
DONALDSON,DONALDSON
CANTU,CANTU
TERRELL,TERRELL
MORIN,MORIN
GILLESPIE,GILLESPIE
FUENTES,FUENTES
TILLMAN,TILLMAN
SANFORD,SANFORD
BENTLEY,BENTLEY
PECK,PECK
KEY,KEY
SALAS,SALAS
ROLLINS,ROLLINS
GAMBLE,GAMBLE
DICKSON,DICKSON
BATTLE,BATTLE
SANTANA,SANTANA
CABRERA,CABRERA
CERVANTES,CERVANTES
HOWE,HOWE
HINTON,HINTON
HURLEY,HURLEY
SPENCE,SPENCE
ZAMORA,ZAMORA
YANG,YANG
MCNEIL,MCNEIL
SUAREZ,SUAREZ
CASE,CASE
PETTY,PETTY
GOULD,GOULD
MCFARLAND,MCFARLAND
SAMPSON,SAMPSON
CARVER,CARVER
BRAY,BRAY
ROSARIO,ROSARIO
MACDONALD,MACDONALD
STOUT,STOUT
HESTER,HESTER
MELENDEZ,MELENDEZ
DILLON,DILLON
FARLEY,FARLEY
HOPPER,HOPPER
GALLOWAY,GALLOWAY
POTTS,POTTS
BERNARD,BERNARD
JOYNER,JOYNER
STEIN,STEIN
AGUIRRE,AGUIRRE
OSBORN,OSBORN
MERCER,MERCER
BENDER,BENDER
FRANCO,FRANCO
ROWLAND,ROWLAND
SYKES,SYKES
BENJAMIN,BENJAMIN
TRAVIS,TRAVIS
PICKETT,PICKETT
CRANE,CRANE
SEARS,SEARS
MAYO,MAYO
DUNLAP,DUNLAP
HAYDEN,HAYDEN
WILDER,WILDER
MCKAY,MCKAY
COFFEY,COFFEY
MCCARTY,MCCARTY
EWING,EWING
COOLEY,COOLEY
VAUGHAN,VAUGHAN
BONNER,BONNER
COTTON,COTTON
HOLDER,HOLDER
STARK,STARK
FERRELL,FERRELL
CANTRELL,CANTRELL
FULTON,FULTON
LYNN,LYNN
LOTT,LOTT
CALDERON,CALDERON
ROSA,ROSA
POLLARD,POLLARD
HOOPER,HOOPER
BURCH,BURCH
MULLEN,MULLEN
FRY,FRY
RIDDLE,RIDDLE
LEVY,LEVY
DAVID,DAVID
DUKE,DUKE
ODONNELL,ODONNELL
GUY,GUY
MICHAEL,MICHAEL
BRITT,BRITT
FREDERICK,FREDERICK
DAUGHERTY,DAUGHERTY
BERGER,BERGER
DILLARD,DILLARD
ALSTON,ALSTON
JARVIS,JARVIS
FRYE,FRYE
RIGGS,RIGGS
CHANEY,CHANEY
ODOM,ODOM
DUFFY,DUFFY
FITZPATRICK,FITZPATRICK
VALENZUELA,VALENZUELA
MERRILL,MERRILL
MAYER,MAYER
ALFORD,ALFORD
MCPHERSON,MCPHERSON
ACEVEDO,ACEVEDO
DONOVAN,DONOVAN
BARRERA,BARRERA
ALBERT,ALBERT
COTE,COTE
REILLY,REILLY
COMPTON,COMPTON
RAYMOND,RAYMOND
MOONEY,MOONEY
MCGOWAN,MCGOWAN
CRAFT,CRAFT
CLEVELAND,CLEVELAND
CLEMONS,CLEMONS
WYNN,WYNN
NIELSEN,NIELSEN
BAIRD,BAIRD
STANTON,STANTON
SNIDER,SNIDER
ROSALES,ROSALES
BRIGHT,BRIGHT
WITT,WITT
STUART,STUART
HAYS,HAYS
HOLDEN,HOLDEN
RUTLEDGE,RUTLEDGE
KINNEY,KINNEY
CLEMENTS,CLEMENTS
CASTANEDA,CASTANEDA
SLATER,SLATER
HAHN,HAHN
EMERSON,EMERSON
CONRAD,CONRAD
BURKS,BURKS
DELANEY,DELANEY
PATE,PATE
LANCASTER,LANCASTER
SWEET,SWEET
JUSTICE,JUSTICE
TYSON,TYSON
SHARPE,SHARPE
WHITFIELD,WHITFIELD
TALLEY,TALLEY
MACIAS,MACIAS
IRWIN,IRWIN
BURRIS,BURRIS
RATLIFF,RATLIFF
MCCRAY,MCCRAY
MADDEN,MADDEN
KAUFMAN,KAUFMAN
BEACH,BEACH
GOFF,GOFF
CASH,CASH
BOLTON,BOLTON
MCFADDEN,MCFADDEN
LEVINE,LEVINE
GOOD,GOOD
BYERS,BYERS
KIRKLAND,KIRKLAND
KIDD,KIDD
WORKMAN,WORKMAN
CARNEY,CARNEY
DALE,DALE
MCLEOD,MCLEOD
HOLCOMB,HOLCOMB
ENGLAND,ENGLAND
FINCH,FINCH
HEAD,HEAD
BURT,BURT
HENDRIX,HENDRIX
SOSA,SOSA
HANEY,HANEY
FRANKS,FRANKS
SARGENT,SARGENT
NIEVES,NIEVES
DOWNS,DOWNS
RASMUSSEN,RASMUSSEN
BIRD,BIRD
HEWITT,HEWITT
LINDSAY,LINDSAY
LE,LE
FOREMAN,FOREMAN
VALENCIA,VALENCIA
ONEIL,ONEIL
DELACRUZ,DELACRUZ
VINSON,VINSON
DEJESUS,DEJESUS
HYDE,HYDE
FORBES,FORBES
GILLIAM,GILLIAM
GUTHRIE,GUTHRIE
WOOTEN,WOOTEN
HUBER,HUBER
BARLOW,BARLOW
BOYLE,BOYLE
MCMAHON,MCMAHON
BUCKNER,BUCKNER
ROCHA,ROCHA
PUCKETT,PUCKETT
LANGLEY,LANGLEY
KNOWLES,KNOWLES
COOKE,COOKE
VELAZQUEZ,VELAZQUEZ
WHITLEY,WHITLEY
NOEL,NOEL
VANG,VANG