hegister,register
tuesday1,tuesday
hules,rules
hegulations,regulations
lepahtment,department
aohlcultuhe,agriculture
maryeting,marketing
orown,grown
arikona,arizona
lesignated,designated
heporting,reporting
hequirements,requirements
aoency,agency
usla,usda
actlon,action
summahy,summary
adoptlng,adopting
modiffles,modifies
weeyly,weekly
heport,report
lally,daily
utiliked,utilized
effectlve,effective
late,date
fuhtneh,further
thorpe1,thorpe
specialist1,specialist
branch1,branch
washington1,washington
pello1,pello
omce1,office
street1,street
fresno1,fresno
lnfohmatlon,supplementary
under,issued
amended1,amended
heform,reform
laws1,laws
policies1,policies
confflict,conflict
fflle,file
modifflcation,modification
opportunlty,opportunity
inhabitant1,inhabitant
business1,business
equlty,equity
fflled,filed
hegulatory,regulatory
thereunder1,thereunder
thus1,thus
addition1,addition
fflrms1,firms
defflned,defined
classiffled,classified
fflnalikes,finalizes
products1,products
lncluded,included
example1,example
then1,then
appropriate1,appropriate
liversion,diversion
finally1,finally
maryet,market
nowever1,however
modifflcations,modifications
handled1,handled
sike1,size
alasya,alaska
trucy,truck
certifflcate,certificate
taying,taking
considerations1,considerations
signifflcant,significant
presented1,presented
fflnaliking,finalizing
agreements1,agreements
recordyeeping,recordkeeping
preamble1,preamble
paht,part
accordingly1,accordingly
lated,dated
lecember,december
hobert,robert
keeney1,keeney
leputy,deputy
lirector1,director
livision,division
bllllno,billing
cole,code
secuhltles,securities
excnanoe,exchange
commlsslon,commission
shelease,release
lnternational,international
lisclosure,disclosure
lssuers,issuers
recognike,recognize
organikations,organizations
recogniked,recognized
ffllings,filings
slocyet,docket
mily,milk
hegional,regional
nearing,hearing
rulemaying,rulemaking
nebrasya,nebraska
lowa,iowa
layota,dakota
fflve,five
butterfat1,butterfat
maryets,markets
maryetplace,marketplace
lates,dates
allhesses,addresses
airport1,airport
bloomington1,bloomington
lnfohmatlon,information
brenner1,brenner
livision1,division
hoom,room
building1,building
supplementahy,supplementary
therefore1,therefore
forth1,forth
thereof1,thereof
seeys,seeks
program1,program
sike,size
also1,also
adopted1,adopted
regulations1,regulations
omcer,officer
omcial,official
hecord,record
below1,below
oreen,green
blocys,blocks
hevise,revise
heports,reports
utilikation,utilization
administrator1,administrator
pounds1,pounds
ffluid,fluid
buly,bulk
mily;,milk;
lnventories,inventories
speciffled,specified
ffllled,filled
syim,skim
deductions1,deductions
maye,make
kero1,zero
steps,corresponding
ione,zone
livide,divide
revised1,revised
added1,added
shipplng,shipping
fflrst,first
authoriked,authorized
maying,making
test1,test
wisconsin1,wisconsin
lirector,director
weey,week
layes1,lakes
lairymen1,dairymen
actual,scc=actual
cpanational,cp^national
oeneral,general
mayers,makers
lnstitute,institute
refflects,reflects
modiffled,modified
reclassiffled,reclassified
oalloway,galloway
mixes1,mixes
milys,milks
clery1,clerk
tayen,taken
omce,office
copy1,copy
fflnal,final
proceeding1,proceeding
organikational,organizational
clayton1,clayton
thanspohtatlon,transportation
lirectives;,directives;
nphm,nprm
ltem,item
ffleet,fleet
tasy,task
force1,force
worying,working
oroup,group
integrlty,integrity
lirectorate1,directorate
avenue1,avenue
henton1,renton
friday1,friday
seattle1,seattle
engineer1,engineer
certifflcation,certification
data1,data
views1,views
specifflcally,specifically
environmental1,environmental
summariking,summarizing
acynowledge,acknowledge
addressed1,addressed
nphms,nprms
liscussion,discussion
fflight,flight
subsequently1,subsequently
lncorporation,incorporation
liyely,likely
previously1,previously
moreover1,moreover
wory,work
fflgures1,figures
costs1,costs
tasys,tasks
additionally1,additionally
sumcient,sufficient
promulgated1,promulgated
llhectlves,directives
certifflcated,certificated
cracyed,cracked
repaired1,repaired
manager1,manager
lnspector1,inspector
larrell,darrell
pederson1,pederson
navilland1,havilland
rulemaying;,rulemaking;
panel1,panel
cracying,cracking
oarratt,garratt
boulevard1,boulevard
lownsview1,downsview
yory,york
franylin,franklin
stream1,stream
maroof1,maroof
wlng,wing
picy,pick
condition1,condition
corrected1,corrected
trimmed1,trimmed
lacys,lacks
undamaged1,undamaged
fflnds,finds
equlpment,equipment
taye,take
fflgure,figure
depth1,depth
amliate,affiliate
plpelines,pipelines
ooldenberg1,goldenberg
clps,cips
duplex1,duplex
parity1,parity
bits1,bits
disyette,diskette
contractor1,contractor
lorn,dorn
corporation1,corporation
signifflcantly,significantly
liscuss,discuss
lmplementation,implementation
tlme,time
locatlon,location
hoom1,room
pary,park
lrive1,drive
alexandria1,alexandria
seymour1,seymour
supervisor1,supervisor
hulemaying,rulemaking
section1,section
levelopment,development
virginia1,virginia
paperwory,paperwork
heduction,reduction
lomestic,domestic
omcials,officials
puhpose,purpose
heconciliation,reconciliation
micyey,mickey
nunger,hunger
helief,relief
agencies1,agencies
groups1,groups
oeorge,george
braley1,braley
ldaho,idaho
county1,county
retention1,retention
treatments1,treatments
fflsh,fish
creey1,creek
habbit,rabbit
hanger,ranger
station1,station
listrict1,district
fory,fork
sneayfoot,sneakfoot
hoadless,roadless
fflre,fire
risy,risk
fflres,fires
fflre;,fire;
populations1,populations
wildlife1,wildlife
inffluenced,influenced
hesource,resource
september1,september
lraft,draft
lecision,decision
oorsyi1,gorski
lolo1,lolo
pope1,pope
leader1,leader
fflndings,findings
lntegrated,integrated
diverse1,diverse
healthy1,healthy
productive1,productive
followlng,following
communities1,communities
understocyed,understocked
stands1,stands
overstocyed,overstocked
sapllng,sapling
picnicying,picnicking
viewlng,viewing
harvesting1,harvesting
construction1,construction
debris1,debris
pools1,pools
specifflc,specific
seey,seek
limitation1,limitation
minimike,minimize
hiver,river
corridor1,corridor
hidge,ridge
what1,what
anything1,anything
goals1,goals
guidelines1,guidelines
optimum1,optimum
cable1,cable
oame,game
pleasing1,pleasing
trails1,trails
hiparian,riparian
alternative1,alternative
analyke,analyze
direct1,direct
indirect1,indirect
past1,past
present1,present
seeying,seeking
tribe1,tribe
notifflcation,notification
ldentify,identify
analyked,analyzed
letermine,determine
identiffled,identified
wilderness1,wilderness
hesources,resources
neritage,heritage
hesources;,resources;
veriffled1,verified
expanded1,expanded
helpful1,helpful
believes1,believes
stage1,stage
yanyee,yankee
nhlc1,nrdc
nodel1,hodel
neritages1,heritages
narris1,harris
nighway,highway
orofflno1,orofino
caswell1,caswell
libby1,libby
deer1,deer
grikkly,grizzly
security1,security
forage1,forage
fflsheries1,fisheries
kollmeyer1,kollmeyer
lunham1,dunham
leep1,deep
brimstone1,brimstone
creeys,creeks
logglng,logging
brieffly,briefly
described1,described
confflicts1,conflicts
realiking,realizing
tentatively1,tentatively
cover1,cover?
licyey,dickey
laye,lake
needs1,needs?
habitat1,habitat?
nealth,health
growlng,growing
bary,bark
conditions1,conditions?
developments1,developments?
lnvolvement,involvement
ffleld,field
pacyers,packers
stocyyards,stockyards
livestocy,livestock
auction1,auction
wyoming1,wyoming
lllinois,illinois
exeter1,exeter
fulton1,fulton
lairy,dairy
lexter1,dexter
narold,harold
lavis1,davis
commehce,commerce
hesearch,research
levelop,develop
lnterchange,interchange
nlst,nist
undertayen,undertaken
confflnes,confines
qualiffled,qualified
personnel1,personnel
equipment1,equipment
materials1,materials
welsch1,welsch
oroup1,group
oaithersburg1,gaithersburg
particular1,particular
realike,realize
slngle,single
software1,software
hardware1,hardware
networy,network
profflle,profile
specifflcations,specifications
framewory,framework
authorikes,authorizes
chalas,cradas
chala,crada
kramer1,kramer
oroundfflsh,groundfish
oulf,gulf
pacifflc,pacific
honald,ronald
anchorage1,anchorage
oharrett1,gharrett
disapproval1,disapproval
stocys,stocks
rocyfflsh,rockfish
thereafter1,thereafter
peayed,peaked
ffleet;,fleet;
